Designator,Mid X,Mid Y,Layer,Rotation
"TP1",175.000000,-81.000000,top,0.000000
"TP4",134.000000,-119.000000,top,0.000000
"TP5",196.000000,-119.000000,top,0.000000
"TP6",196.000000,-81.000000,top,0.000000
"TP7",153.000000,-119.000000,top,0.000000
"TP8",153.000000,-81.000000,top,0.000000
"TP9",175.000000,-119.000000,top,0.000000
"TP10",134.000000,-81.000000,top,0.000000
